{
  "name": "应急发电机",
  "description": "直接将电浆转换为电。利用率较低，只能一次性使用。使用过后堆芯将融毁",
  "details": "什么！这不是发电机，这是一个压缩电池。它遇电浆变大变高",
  "size": 4,
  "health": 800,
  "conductivePower": true,
  "hasPower": true,
  "outputsPower": true,
  "consumes": {
    "power": 1
  },
  "hasLiquids": true,
  "hasItems": false,
  "update": true,
  "configurable": true,
  "liquidCapacity": 2000,
  "drawer": {
    "type": "DrawMulti",
    "drawers": [
      "DrawDefault",
      {
        "type": "DrawGlowRegion",
        "alpha": 0.8,
        "glowScale": 3.53429173,
        "color": "FF0000FF"
      },
      {
        "type": "DrawFade",
        "suffix": "-glow1",
        "alpha": 0.6,
        "scale": 5
      }
    ]
  },
  "requirements": [
    "精炼铝/180",
    "精炼钛/180",
    "silicon/180",
    "surge-alloy/100",
    "metaglass/80",
    "plastanium/100",
    "phase-fabric/180"
  ],
  "research": "impact-reactor",
  "category": "power"
}