{
	"type": "GenericCrafter",
	"name": "大型冷冻机",
	"health": 360,
	"outputLiquid": {
		"liquid": "cryofluid",
		"amount": 0.6
	},
	"itemCapacity": 20,
	"size": 3,
	"drawer": {
		"type": "DrawMulti",
		"drawers": [
			{
				"type": "DrawRegion",
				"suffix": "-bottom"
			},
			{
				"type": "DrawLiquidTile",
				"drawLiquid": "cryofluid"
			},
			"DrawDefault"
		]
	},
	"hasItems": true,
	"hasLiquids": true,
	"outputsLiquid": true,
	"hasPower": true,
	"liquidCapacity": 50,
	"craftTime": 60,
	"updateEffect": "freezing",
	"consumes": {
		"power": 4,
		"items": [
			"titanium/2"
		],
		"liquid": "water/0.6"
	},
	"requirements": [
		"精炼钛/50",
		"metaglass/40",
		"silicon/40",
		"精炼铝/60",
	],
	"category": "crafting",
	"research": "cryofluid-mixer"
}