{
  "type": "ItemTurret",
  "name": "穿刺",
  "description": "0.8M高射炮，但是放平貌似效果更佳?",
  "health": 1000,
  "armor": 10,
  "size": 3,
  "reload": 60,
  "range": 600,
  "maxAmmo": 10,
  "recoilTime": 10,
  "recoil": 2,
  "cooldownTime": 60,
  "outlineIcon": true,
  "ammoUseEffect": {
    "type": "MultiEffect",
    "effects": [
      {
        "type": "ParticleEffect",
        "particles": 1,
        "line": true,
        "interp": "pow10Out",
        "sizeInterp": "pow5In",
        "strokeFrom": 8,
        "strokeTo": 0,
        "lenFrom": 10,
        "lenTo": 0,
        "length": -48,
        "baseLength": -10,
        "randLength": false,
        "lifetime": 74,
        "colorFrom": "FFE176",
        "colorTo": "737373",
        "layer": 48
      },
      {
        "type": "ParticleEffect",
        "particles": 2,
        "sizeFrom": 12,
        "sizeTo": 0,
        "interp": "pow10Out",
        "sizeInterp": "pow10In",
        "length": -60,
        "baseLength": 0,
        "lifetime": 85,
        "colorFrom": "73737390",
        "colorTo": "73737350",
        "layer": 49
      }
    ]
  },
  "ammoTypes": {
		"titanium": {
			"type": "BasicBulletType",
			"ammoMultiplier": 1,
			"speed": 35,
			"lifetime": 15,
			"width": 20,
			"height": 35,
			"damage": 85,
			"pierceArmor": true,
			"pierce": true,
			"pierceBuilding": false,
			"pierceCap": 3,
			"shootEffect": "bigShockwave",
			"smokeEffect": "shootBigSmoke",
			"despawnEffect": "none"
		},
		"thorium": {
			"type": "BasicBulletType",
			"ammoMultiplier": 2,
			"speed": 35,
			"lifetime": 15,
			"width": 20,
			"height": 35,
			"damage": 135,
			"pierceArmor": true,
			"pierce": true,
			"pierceBuilding": true,
			"pierceCap": 5,
			"shootEffect": "bigShockwave",
			"smokeEffect": "shootBigSmoke",
			"despawnEffect": "none"
		},
		"精炼铝": {
			"type": "BasicBulletType",
			"status": "melting",
			"statusDuration": 60,
			"ammoMultiplier": 3,
			"speed": 35,
			"lifetime": 20,
			"rangeChange": 100,
			"width": 20,
			"height": 35,
			"damage": 220,
			"pierceArmor": true,
			"pierce": true,
			"pierceBuilding": true,
			"pierceCap": 10,
			"shootEffect": "bigShockwave",
			"smokeEffect": "shootBigSmoke",
			"despawnEffect": "none"
		}
  },
  "requirements": [
		"graphite/45",
		"titanium/70",
		"silicon/50",
	    "精炼铝/50",
	    "精炼钛/60"
	],
	"category": "turret",
	"research": "ripple"
}