{
    "name": "电浆融井",
    "description": "使用电浆直接融化矿物，可以快速开采基础金属矿。需要水冷却",
    "details": "自带储能电池，需要通电使用",
    "size": 5,
    "health": 2000,
    "hasPower": true,
    "hasItems": true,
    "hasLiquids": true,
    "update": true,
    "liquidCapacity": 100,
    "itemCapacity": 50,
    "craftTime": 50,
    "outputItems": [
        "copper/0",
        "lead/0",
        "titanium/0",
        "scrap/0",
        "铝/0",
        "beryllium/0",
        "tungsten/0",
        "metaglass/0",
        "silicon/0"
    ],
    "requirements": [
        "精炼铝/180",
        "titanium/260",
        "silicon/160",
        "surge-alloy/180",
        "metaglass/220",
        "plastanium/200",
        "phase-fabric/180"
    ],
    "craftEffect": {
        "type": "MultiEffect",
        "effects": [
            {
                "type": "RadialEffect",
                "effect": "surgeCruciSmoke",
                "rotationSpacing": 90,
                "amount": 8,
                "lengthOffset": 6.5
            }
        ]
    },
    "drawer": {
        "type": "DrawMulti",
        "drawers": [
            {
                "type": "DrawRegion",
                "suffix": "-bottom"
            },
            {
                "type": "DrawLiquidTile",
                "drawLiquid": "电浆流"
            },
            "DrawDefault",
            {
                "type": "DrawGlowRegion",
                "alpha": 0.9,
                "glowScale": 6.53429173,
                "color": "FF0000FF"
            },
            {
                "type": "DrawFade",
                "alpha": 1,
                "scale": 3.1415926
            }
        ]
    },
    "destroyBullet": {
        "type": "PointBulletType",
        "hitShake": 2,
        "splashDamageRadius": 25,
        "splashDamage": 30,
        "status": "unmoving",
        "statusDuration": 30,
        "speed": 0,
        "lifetime": 2,
        "collides": false,
        "despawnEffect": {
            "type": "WaveEffect",
            "lifetime": 10,
            "sizeFrom": 0,
            "sizeTo": 30,
            "strokeFrom": 3,
            "strokeTo": 0,
            "colorFrom": "ffffff",
            "colorTo": "ffffff"
        },
        "hitEffect": "none"
    },
    "consumes": {
        "power": 8,
        "liquids": [
            "电浆流/0.5",
            "water/2"
        ]
    },
    "category": "production",
    "research": "blast-drill"
}